ESBMC_Status,0
VERIFICATION FAILED,48.83004333172845
VERIFICATION SUCCESSFUL,30.76071256620125
VERIFICATION UNKNOWN,8.454501685122773
ERROR,11.954742416947521
