ESBMC_Status,0
VERIFICATION FAILED,48.059701492537314
VERIFICATION SUCCESSFUL,30.44776119402985
VERIFICATION UNKNOWN,8.358208955223882
ERROR,11.641791044776118
UNCOMPILABLE,1.4925373134328357
